country,date_time,market_year,market_year_flag,year,month,beginning_stocks,production,imports,crush,exports,ending_stocks,stock_sales_ratio,main_price
USA,2026-02,2025/2026,当年,2026,2,325,4262,20,2570,1575,350,0.0822175,1109.75
USA,2026-02,2024/2025,往年,2026,2,342,4374,29,2445,1882,325,0.0735294,1109.75
USA,2026-01,2025/2026,当年,2026,1,325,4262,20,2570,1575,350,0.0822175,1062.75
USA,2026-01,2024/2025,往年,2026,1,342,4374,29,2445,1882,325,0.0735294,1062.75
USA,2025-12,2025/2026,当年,2025,12,316,4253,20,2555,1635,290,0.0674419,1093.75
USA,2025-12,2024/2025,往年,2025,12,342,4374,29,2445,1882,316,0.0713479,1093.75
USA,2025-11,2025/2026,当年,2025,11,316,4253,20,2555,1635,290,0.0674419,1126.5
USA,2025-11,2024/2025,往年,2025,11,342,4374,27,2445,1875,316,0.0713802,1126.5
USA,2025-09,2025/2026,当年,2025,9,330,4301,20,2555,1685,300,0.0689655,1018.76
USA,2025-09,2024/2025,往年,2025,9,342,4366,27,2430,1875,330,0.0748979,1018.76
Brazil,2026-02-01 00:00:00,2025/2026,当年,2026,2,36.81,180,0.5,61,114,37.91,0.211315,2117.28
Brazil,2026-02-01 00:00:00,2024/2025,往年,2026,2,29.72,171.5,0.73,58,103.14,36.81,0.222902,2117.28
Brazil,2026-01-01 00:00:00,2025/2026,当年,2026,1,36.81,178,0.5,60,114,36.91,0.206895,2095.68
Brazil,2026-01-01 00:00:00,2024/2025,往年,2026,1,29.72,171.5,0.73,58,103.14,36.81,0.222902,2095.68
Brazil,2025-12-01 00:00:00,2025/2026,当年,2025,12,36.81,175,0.5,59,112.5,36.51,0.207679,2172.61
Brazil,2025-12-01 00:00:00,2024/2025,往年,2025,12,29.72,171.5,0.73,58,103.14,36.81,0.222902,2172.61
Brazil,2025-11-01 00:00:00,2025/2026,当年,2025,11,36.81,175,0.35,59,112.5,36.36,0.206826,2229.34
Brazil,2025-11-01 00:00:00,2024/2025,往年,2025,11,29.72,171.5,0.73,58,103.14,36.81,0.222902,2229.34
Brazil,2025-09-01 00:00:00,2025/2026,当年,2025,9,36.21,175,0.35,58,112,37.26,0.213769,2048.03
Brazil,2025-09-01 00:00:00,2024/2025,往年,2025,9,29.76,169,0.65,57,102.1,36.21,0.221875,2048.03
Argentina,2026-02-01 00:00:00,2025/2026,当年,2026,2,23.37,48.5,7.5,41,8.25,22.92,0.406023,577065
Argentina,2026-02-01 00:00:00,2024/2025,往年,2026,2,24.05,51.11,6.32,43.24,7.87,23.37,0.402168,577065
Argentina,2026-01-01 00:00:00,2025/2026,当年,2026,1,23.09,48.5,7.7,41,8.25,22.84,0.404606,571957
Argentina,2026-01-01 00:00:00,2024/2025,往年,2026,1,24.05,51.11,6.32,43.22,7.87,23.09,0.395444,571957
Argentina,2025-12-01 00:00:00,2025/2026,当年,2025,12,23.09,48.5,7.7,41,8.25,22.84,0.404606,577186
Argentina,2025-12-01 00:00:00,2024/2025,往年,2025,12,24.05,51.11,6.32,43.22,7.87,23.09,0.395444,577186
Argentina,2025-11-01 00:00:00,2025/2026,当年,2025,11,23.1,48.5,7.7,41,8.25,22.85,0.404783,605574
Argentina,2025-11-01 00:00:00,2024/2025,往年,2025,11,24.05,51.11,6.32,43.21,7.87,23.1,0.395683,605574
Argentina,2025-09-01 00:00:00,2025/2026,当年,2025,9,24.05,48.5,7.2,42.4,6,23.85,0.426655,544325
Argentina,2025-09-01 00:00:00,2024/2025,往年,2025,9,24.05,50.9,6.8,42.6,7.3,24.05,0.416811,544325
