data_type,date,country,commodity,crop_year,weekly_exports,accum_exports,outstanding_sales,net_sales,total_commitments
export_detail,2026-02-19 00:00:00,VIETNAM,Soybeans,2025/2026,10805,827409,55859,519,883268
export_detail,2026-02-19 00:00:00,VIETNAM,Soybean cake & meal,2025/2026,3097,451169,63795,-30,514964
export_detail,2026-02-19 00:00:00,VENEZUELA,Soybeans,2025/2026,0,54506,25500,3500,80006
export_detail,2026-02-19 00:00:00,VENEZUELA,Soybean cake & meal,2025/2026,7143,265407,72000,-3857,337407
export_detail,2026-02-19 00:00:00,VENEZUELA,Soybean Oil,2025/2026,5729,50818,28925,5009,79743
export_detail,2026-02-19 00:00:00,UNKNOWN,Soybeans,2025/2026,0,0,2439940,-148050,2439940
export_detail,2026-02-19 00:00:00,UNKNOWN,Soybean cake & meal,2025/2026,0,0,631312,-20988,631312
export_detail,2026-02-19 00:00:00,UNKNOWN,Soybean Oil,2025/2026,0,0,0,-7500,0
export_detail,2026-02-19 00:00:00,UNITED KINGDOM,Soybeans,2025/2026,0,198541,0,0,198541
export_detail,2026-02-19 00:00:00,UNITED KINGDOM,Soybean cake & meal,2025/2026,28834,117043,0,28834,117043
price_cost,2026-03-02 00:00:00,,,,,107.818,,,
price_cost,2026-02-27 00:00:00,,,,,107.506,,,
price_cost,2026-02-26 00:00:00,,,,,110.958,,,
price_cost,2026-02-25 00:00:00,,,,,106.043,,,
price_cost,2026-02-24 00:00:00,,,,,103.046,,,
price_cost,2026-02-13 00:00:00,,,,,91.8716,,,
price_cost,2026-02-12 00:00:00,,,,,91.3013,,,
price_cost,2026-02-11 00:00:00,,,,,89.8422,,,
price_cost,2026-02-10 00:00:00,,,,,89.2044,,,
price_cost,2026-02-09 00:00:00,,,,,89.0676,,,
