data_type,date_time,state,alias,weekly,year,value,five_year_avg,thirty_year_avg
precipitation,2025-12-26 00:00:00,GRAND TOTAL,全国(GRAND TOTAL),52,2025,717.512,679.268,740.486
precipitation,2025-12-19 00:00:00,GRAND TOTAL,全国(GRAND TOTAL),51,2025,716.711,667.155,728.015
precipitation,2025-12-12 00:00:00,GRAND TOTAL,全国(GRAND TOTAL),50,2025,707.399,654.966,715.706
precipitation,2025-12-05 00:00:00,GRAND TOTAL,全国(GRAND TOTAL),49,2025,701.16,642.502,703.342
precipitation,2025-11-28 00:00:00,GRAND TOTAL,全国(GRAND TOTAL),48,2025,686.305,635.424,692.141
temperature,2025-12-26 00:00:00,GRAND TOTAL,全国(GRAND TOTAL),52,2025,6.59235,2.71528,0.534694
temperature,2025-12-19 00:00:00,GRAND TOTAL,全国(GRAND TOTAL),51,2025,-0.366687,0.964924,1.21243
temperature,2025-12-12 00:00:00,GRAND TOTAL,全国(GRAND TOTAL),50,2025,-0.173639,4.52408,1.84324
temperature,2025-12-05 00:00:00,GRAND TOTAL,全国(GRAND TOTAL),49,2025,-2.35234,3.14286,2.83835
temperature,2025-11-28 00:00:00,GRAND TOTAL,全国(GRAND TOTAL),48,2025,6.10965,5.0211,4.53476
